               epoch,      train/box_loss,      train/obj_loss,      train/cls_loss,   metrics/precision,      metrics/recall,     metrics/mAP_0.5,metrics/mAP_0.5:0.95,        val/box_loss,        val/obj_loss,        val/cls_loss,               x/lr0,               x/lr1,               x/lr2
                   0,            0.093027,             0.03991,            0.050025,             0.53061,            0.068627,            0.020773,           0.0040107,            0.073299,            0.019854,            0.037953,              0.0027,              0.0027,              0.0757
                   1,            0.062547,             0.04075,            0.028197,             0.67383,             0.17423,             0.20247,            0.070611,            0.056969,            0.017298,            0.026871,           0.0054818,           0.0054818,            0.050482
                   2,            0.061189,            0.035594,            0.011996,             0.18791,             0.40789,             0.15678,            0.070306,            0.063359,            0.020051,            0.019521,           0.0082452,           0.0082452,            0.025245
                   3,            0.056076,            0.034243,           0.0077842,            0.044143,             0.44896,            0.078644,            0.020169,            0.075407,            0.034602,            0.061362,            0.009901,            0.009901,            0.009901
                   4,            0.050159,            0.034213,           0.0071822,             0.64559,             0.21439,             0.24761,             0.06444,            0.061508,            0.021489,            0.020547,            0.009901,            0.009901,            0.009901
                   5,            0.046915,            0.033981,           0.0057889,             0.34011,             0.47044,             0.32723,             0.10177,            0.053197,            0.021628,            0.012498,            0.009868,            0.009868,            0.009868
                   6,            0.045015,            0.032997,           0.0051435,             0.54884,             0.28997,             0.30171,             0.12084,            0.057014,            0.016654,            0.034514,            0.009835,            0.009835,            0.009835
                   7,            0.044148,            0.033348,           0.0046876,             0.41309,            0.093137,            0.035325,           0.0092599,            0.088842,            0.019137,            0.032094,            0.009802,            0.009802,            0.009802
                   8,            0.043044,            0.032549,           0.0040155,             0.55488,             0.50076,             0.46696,             0.15775,            0.045873,            0.016676,           0.0069269,            0.009769,            0.009769,            0.009769
                   9,            0.041777,            0.032877,           0.0034313,             0.47066,             0.53856,             0.54544,             0.24913,            0.041338,            0.016066,           0.0014861,            0.009736,            0.009736,            0.009736
                  10,             0.04187,            0.032294,           0.0031733,             0.41648,              0.6592,             0.53686,             0.23876,            0.043442,            0.014217,            0.002126,            0.009703,            0.009703,            0.009703
                  11,            0.040516,            0.033337,           0.0031957,             0.47346,             0.40312,             0.39309,             0.18322,            0.045096,            0.015946,            0.012085,             0.00967,             0.00967,             0.00967
                  12,            0.040321,            0.032549,           0.0030116,             0.55884,              0.7462,             0.68648,             0.29416,            0.042213,            0.013505,           0.0027671,            0.009637,            0.009637,            0.009637
                  13,            0.038965,            0.032284,           0.0030094,             0.48723,             0.78188,             0.68302,              0.2825,            0.039098,            0.015199,           0.0014362,            0.009604,            0.009604,            0.009604
                  14,            0.039356,            0.032367,           0.0025162,             0.58148,             0.69405,             0.67821,             0.31117,            0.043192,            0.016117,           0.0015747,            0.009571,            0.009571,            0.009571
                  15,            0.039074,            0.031391,           0.0029861,             0.52389,             0.62539,             0.62872,             0.25043,            0.045435,             0.01489,           0.0016994,            0.009538,            0.009538,            0.009538
                  16,            0.039176,            0.031748,           0.0027096,             0.52127,             0.78422,             0.70192,             0.28592,            0.041012,            0.015568,           0.0015758,            0.009505,            0.009505,            0.009505
                  17,            0.038556,            0.031603,           0.0030309,             0.42143,             0.64013,             0.55378,             0.27312,            0.042689,            0.013859,           0.0040513,            0.009472,            0.009472,            0.009472
                  18,             0.03777,            0.031351,           0.0025809,             0.34808,             0.74524,             0.53755,             0.21181,            0.040651,            0.014544,           0.0012545,            0.009439,            0.009439,            0.009439
                  19,            0.037645,            0.031808,           0.0021152,             0.69283,             0.57383,              0.6048,             0.27202,            0.036082,            0.015403,          0.00094208,            0.009406,            0.009406,            0.009406
                  20,            0.037146,            0.031432,           0.0024596,             0.62774,             0.50989,              0.5991,             0.27809,            0.039864,            0.013877,           0.0019135,            0.009373,            0.009373,            0.009373
                  21,            0.037631,            0.031242,           0.0023273,             0.64439,              0.6647,             0.65302,             0.26624,             0.03926,            0.013177,           0.0014251,             0.00934,             0.00934,             0.00934
                  22,            0.036774,            0.031174,           0.0022021,             0.60643,             0.77237,             0.74814,             0.34489,            0.038038,            0.013175,          0.00066842,            0.009307,            0.009307,            0.009307
                  23,            0.036497,            0.031325,           0.0019911,             0.54205,             0.54381,             0.53741,             0.23766,              0.0446,            0.016422,           0.0013845,            0.009274,            0.009274,            0.009274
                  24,            0.036819,            0.030771,           0.0022028,             0.62917,             0.59392,             0.64859,             0.29624,            0.038211,            0.014879,           0.0011845,            0.009241,            0.009241,            0.009241
                  25,            0.036954,            0.030623,           0.0018435,             0.67535,             0.72893,             0.77882,             0.40404,            0.034651,            0.013443,          0.00077372,            0.009208,            0.009208,            0.009208
                  26,            0.036145,            0.030841,           0.0019817,             0.65319,             0.75849,             0.74863,             0.31519,              0.0375,            0.013466,          0.00077526,            0.009175,            0.009175,            0.009175
                  27,            0.035981,            0.030339,           0.0018965,             0.66974,             0.60659,             0.67066,             0.33925,            0.036696,            0.013815,          0.00065845,            0.009142,            0.009142,            0.009142
                  28,            0.035336,            0.030836,           0.0018647,             0.71213,             0.77507,             0.79513,             0.37864,            0.039244,            0.013568,          0.00067897,            0.009109,            0.009109,            0.009109
                  29,             0.03559,            0.030627,           0.0016602,              0.6753,              0.5291,             0.55406,             0.28606,            0.036608,            0.014647,           0.0020003,            0.009076,            0.009076,            0.009076
                  30,            0.035092,            0.030308,           0.0016903,              0.6799,             0.74048,             0.78863,             0.38917,            0.035488,            0.013341,          0.00079521,            0.009043,            0.009043,            0.009043
                  31,            0.035268,            0.030102,           0.0018139,             0.75316,             0.63132,             0.71814,             0.40013,              0.0366,            0.013883,          0.00072851,             0.00901,             0.00901,             0.00901
                  32,            0.034997,            0.030879,           0.0019209,             0.58297,              0.7232,             0.68602,             0.33147,            0.034357,            0.014261,          0.00079944,            0.008977,            0.008977,            0.008977
                  33,            0.035159,            0.030847,           0.0015026,             0.60703,             0.81324,             0.74907,             0.32535,            0.039388,            0.013575,          0.00062451,            0.008944,            0.008944,            0.008944
                  34,            0.034852,            0.030262,           0.0016411,             0.50055,             0.75487,              0.7087,              0.3501,            0.036214,            0.013766,           0.0025279,            0.008911,            0.008911,            0.008911
                  35,            0.035026,            0.030238,            0.002027,             0.63099,             0.62524,             0.70644,             0.32779,            0.036351,            0.015265,          0.00066051,            0.008878,            0.008878,            0.008878
                  36,            0.034816,             0.02937,           0.0018925,             0.77333,             0.55443,             0.67208,             0.32886,            0.037054,            0.014884,          0.00074983,            0.008845,            0.008845,            0.008845
                  37,            0.035078,            0.030452,           0.0020213,             0.51899,             0.83608,             0.70113,             0.35785,            0.033285,            0.014146,           0.0012925,            0.008812,            0.008812,            0.008812
                  38,            0.035247,            0.031184,           0.0020367,             0.60142,             0.73927,             0.70004,             0.38325,            0.033529,              0.0136,           0.0010793,            0.008779,            0.008779,            0.008779
                  39,            0.035036,            0.030209,           0.0017728,             0.51772,              0.6991,             0.66428,             0.30387,            0.035853,            0.014931,           0.0005613,            0.008746,            0.008746,            0.008746
                  40,            0.034215,            0.030331,           0.0017478,             0.44759,             0.50341,             0.46721,             0.20956,            0.041153,            0.015932,           0.0026674,            0.008713,            0.008713,            0.008713
                  41,             0.03391,            0.029377,           0.0015407,             0.42025,             0.53922,             0.50474,              0.2127,            0.045429,            0.016569,           0.0020827,             0.00868,             0.00868,             0.00868
                  42,            0.034118,            0.029841,           0.0016392,             0.57743,             0.76525,             0.69004,             0.29361,            0.040774,            0.013007,           0.0013804,            0.008647,            0.008647,            0.008647
                  43,            0.034608,            0.030059,           0.0015323,             0.79307,             0.72837,             0.76879,             0.39553,            0.032199,            0.013842,          0.00070855,            0.008614,            0.008614,            0.008614
                  44,            0.034081,            0.030226,           0.0013512,             0.46683,             0.66475,             0.51356,             0.22384,            0.043123,            0.016838,           0.0013133,            0.008581,            0.008581,            0.008581
                  45,            0.033647,            0.029444,           0.0014032,              0.6075,              0.7539,             0.70702,             0.33842,            0.034421,            0.013976,           0.0006803,            0.008548,            0.008548,            0.008548
                  46,            0.033253,            0.028913,           0.0015766,             0.53923,             0.62389,             0.64944,             0.34526,             0.03608,             0.01489,          0.00066672,            0.008515,            0.008515,            0.008515
                  47,            0.033375,            0.029138,            0.001614,             0.86204,             0.56005,              0.7221,             0.35228,            0.035151,            0.013218,           0.0010406,            0.008482,            0.008482,            0.008482
                  48,            0.033583,            0.029145,           0.0017305,             0.62207,             0.69415,             0.72342,             0.32041,            0.034576,            0.014284,           0.0012267,            0.008449,            0.008449,            0.008449
                  49,            0.033746,             0.02995,           0.0013346,             0.65895,              0.8356,             0.76045,             0.33385,             0.03756,            0.013511,          0.00085395,            0.008416,            0.008416,            0.008416
                  50,             0.03326,            0.029194,           0.0013662,             0.67085,             0.62053,             0.66495,             0.29697,            0.045027,            0.015734,          0.00078372,            0.008383,            0.008383,            0.008383
                  51,            0.033275,            0.029265,           0.0015991,             0.61724,             0.77705,             0.73493,             0.40191,            0.032228,            0.014224,          0.00074364,             0.00835,             0.00835,             0.00835
                  52,             0.03323,            0.028959,           0.0015775,             0.63216,             0.68405,             0.69621,             0.32758,            0.036429,            0.014117,          0.00052078,            0.008317,            0.008317,            0.008317
                  53,            0.032932,            0.028917,           0.0017585,             0.76461,             0.77401,             0.84164,              0.4313,            0.034956,            0.012791,          0.00054735,            0.008284,            0.008284,            0.008284
                  54,            0.033076,            0.029125,           0.0014947,             0.66267,             0.73462,             0.75413,             0.42899,            0.035248,            0.013931,          0.00080375,            0.008251,            0.008251,            0.008251
                  55,            0.032746,            0.029195,           0.0016521,             0.50301,             0.71392,             0.66536,             0.36655,            0.032884,            0.013495,          0.00052342,            0.008218,            0.008218,            0.008218
                  56,            0.032703,            0.028833,           0.0012276,             0.59447,             0.58443,             0.58553,             0.30803,             0.03848,            0.015505,          0.00080682,            0.008185,            0.008185,            0.008185
                  57,            0.032673,            0.028463,           0.0013382,             0.56784,             0.76376,             0.72078,             0.36475,            0.034419,            0.013862,          0.00060288,            0.008152,            0.008152,            0.008152
                  58,            0.032453,            0.028538,           0.0013202,              0.8401,             0.64984,             0.79031,             0.37506,            0.035964,            0.014005,          0.00060323,            0.008119,            0.008119,            0.008119
                  59,            0.032161,            0.028733,           0.0011207,             0.69214,             0.67035,             0.77329,              0.3631,            0.039937,            0.013454,          0.00053404,            0.008086,            0.008086,            0.008086
                  60,            0.032296,            0.029496,           0.0014111,             0.80059,             0.65147,             0.71556,             0.34351,            0.037506,            0.014396,           0.0006135,            0.008053,            0.008053,            0.008053
                  61,            0.032093,            0.028588,            0.001141,             0.58395,             0.79522,             0.70335,             0.33244,            0.034619,            0.015263,          0.00050157,             0.00802,             0.00802,             0.00802
                  62,             0.03223,            0.028445,           0.0013459,             0.61463,             0.71131,              0.6879,             0.35641,             0.03793,            0.015591,          0.00041222,            0.007987,            0.007987,            0.007987
                  63,            0.032488,            0.028093,            0.001218,             0.58421,             0.64469,             0.65247,              0.2968,            0.039879,            0.013771,          0.00042249,            0.007954,            0.007954,            0.007954
                  64,            0.032821,            0.028253,           0.0012491,             0.59065,              0.7332,             0.70182,             0.29137,            0.039374,            0.014007,          0.00050541,            0.007921,            0.007921,            0.007921
                  65,            0.032193,            0.028574,            0.001879,             0.58839,             0.70927,             0.65029,             0.36259,            0.035702,            0.014465,          0.00044349,            0.007888,            0.007888,            0.007888
                  66,            0.032317,            0.027715,           0.0012708,              0.5866,             0.67903,             0.66486,             0.33301,            0.036395,            0.015964,          0.00084829,            0.007855,            0.007855,            0.007855
                  67,            0.032171,            0.028347,           0.0015088,             0.63788,             0.64704,             0.71971,              0.3387,            0.037359,            0.013081,          0.00075153,            0.007822,            0.007822,            0.007822
                  68,            0.031759,            0.028612,           0.0015128,             0.65333,             0.71437,             0.70612,             0.35479,            0.033082,            0.014916,          0.00061659,            0.007789,            0.007789,            0.007789
                  69,            0.031651,            0.027961,           0.0011258,             0.68048,             0.82063,             0.77036,             0.39283,            0.035364,            0.014303,          0.00048721,            0.007756,            0.007756,            0.007756
                  70,            0.031548,            0.027829,           0.0011567,             0.67727,             0.80616,             0.74233,             0.36989,            0.038147,            0.014682,          0.00056502,            0.007723,            0.007723,            0.007723
                  71,            0.031746,            0.028741,           0.0013501,             0.60704,             0.67765,             0.73268,             0.34051,            0.035462,            0.013995,          0.00062607,             0.00769,             0.00769,             0.00769
                  72,            0.031085,            0.028348,          0.00098998,             0.70091,             0.62321,             0.60512,             0.27767,            0.037848,              0.0139,          0.00051403,            0.007657,            0.007657,            0.007657
                  73,            0.031556,            0.027579,          0.00095743,             0.69024,             0.67887,             0.72718,             0.35958,            0.035068,            0.014327,          0.00055096,            0.007624,            0.007624,            0.007624
                  74,             0.03122,              0.0272,           0.0011486,             0.93732,             0.61252,             0.73886,             0.37372,            0.035141,            0.014098,          0.00042262,            0.007591,            0.007591,            0.007591
                  75,            0.030944,            0.027564,           0.0012724,             0.82516,             0.73135,             0.81907,              0.4444,            0.034125,            0.013087,          0.00047608,            0.007558,            0.007558,            0.007558
                  76,            0.031332,            0.027978,           0.0010707,             0.66977,             0.79471,             0.78117,             0.41171,            0.034754,            0.014024,          0.00093308,            0.007525,            0.007525,            0.007525
                  77,             0.03112,            0.027072,          0.00098029,             0.63252,             0.70134,             0.67777,             0.33969,            0.037123,            0.014464,          0.00052987,            0.007492,            0.007492,            0.007492
                  78,            0.031115,            0.027626,          0.00091494,             0.61347,              0.7869,             0.67747,             0.36445,            0.037032,            0.015041,          0.00074889,            0.007459,            0.007459,            0.007459
                  79,            0.030672,            0.027109,          0.00090712,             0.79864,             0.63064,             0.63883,             0.30722,             0.03707,            0.015035,           0.0012355,            0.007426,            0.007426,            0.007426
                  80,            0.030789,            0.027495,           0.0013266,             0.64998,             0.81173,             0.76144,             0.34268,            0.038188,            0.014018,          0.00045485,            0.007393,            0.007393,            0.007393
                  81,            0.030982,             0.02809,            0.001292,             0.57678,             0.78963,             0.68489,             0.36497,             0.03424,             0.01392,          0.00032417,             0.00736,             0.00736,             0.00736
                  82,            0.030956,            0.027295,           0.0013366,             0.55508,             0.80681,             0.64654,             0.28986,            0.037069,            0.014188,          0.00036365,            0.007327,            0.007327,            0.007327
                  83,            0.030323,            0.027455,            0.001066,             0.64078,              0.7763,             0.77545,             0.35676,            0.033315,            0.015435,           0.0010138,            0.007294,            0.007294,            0.007294
                  84,            0.030399,            0.027208,           0.0010885,             0.69564,             0.76796,             0.75327,             0.39702,            0.036283,            0.014152,          0.00067493,            0.007261,            0.007261,            0.007261
                  85,              0.0301,            0.027621,          0.00086907,             0.63781,             0.67552,             0.68422,             0.30822,            0.038463,             0.01462,          0.00053092,            0.007228,            0.007228,            0.007228
                  86,            0.030576,            0.027302,              0.0013,              0.7134,             0.62981,             0.69379,             0.33389,            0.037026,            0.014506,          0.00049995,            0.007195,            0.007195,            0.007195
                  87,            0.030636,            0.027391,            0.001278,             0.53565,             0.72441,              0.6386,             0.30461,            0.038376,            0.016596,           0.0012057,            0.007162,            0.007162,            0.007162
                  88,             0.03042,            0.027215,           0.0011519,             0.69805,             0.77415,              0.7235,             0.36085,            0.035835,            0.015471,          0.00044995,            0.007129,            0.007129,            0.007129
                  89,            0.030408,            0.027008,           0.0011732,              0.6273,             0.67039,             0.64371,             0.29858,            0.040171,             0.01478,          0.00047019,            0.007096,            0.007096,            0.007096
                  90,            0.030127,            0.026695,           0.0012765,             0.67042,             0.73996,             0.70256,              0.3674,            0.038245,            0.014097,          0.00043092,            0.007063,            0.007063,            0.007063
                  91,            0.030334,            0.027529,           0.0012776,             0.79624,             0.70973,             0.78421,             0.44692,            0.038051,            0.013291,          0.00039763,             0.00703,             0.00703,             0.00703
                  92,            0.029839,            0.026727,          0.00090772,             0.63936,             0.70844,             0.69417,             0.34003,            0.039612,             0.01375,          0.00038008,            0.006997,            0.006997,            0.006997
                  93,             0.02992,            0.026763,           0.0013066,              0.7344,             0.73355,             0.75101,             0.44405,            0.037299,            0.013893,          0.00050348,            0.006964,            0.006964,            0.006964
                  94,            0.029405,            0.026504,           0.0010162,              0.7628,             0.68761,             0.71975,             0.36229,            0.040593,             0.01388,          0.00032265,            0.006931,            0.006931,            0.006931
                  95,            0.030432,            0.027646,           0.0011598,             0.69327,             0.73166,             0.73819,             0.38186,            0.036703,            0.014002,          0.00038734,            0.006898,            0.006898,            0.006898
                  96,            0.029736,            0.027248,           0.0012316,             0.51618,             0.66257,              0.6352,             0.31544,            0.037481,             0.01661,          0.00049864,            0.006865,            0.006865,            0.006865
                  97,            0.029856,            0.026562,           0.0013526,             0.60094,             0.73462,             0.67436,             0.31833,            0.037585,            0.014605,          0.00037681,            0.006832,            0.006832,            0.006832
                  98,             0.02966,            0.027003,           0.0010688,             0.72434,             0.57763,             0.61639,             0.30752,            0.047483,            0.017752,           0.0013595,            0.006799,            0.006799,            0.006799
                  99,            0.030304,            0.026535,            0.001176,              0.6024,             0.68052,             0.63595,             0.32039,            0.036993,            0.015678,          0.00055876,            0.006766,            0.006766,            0.006766
                 100,            0.029839,            0.025736,           0.0012899,             0.70024,             0.72117,             0.68573,             0.33897,            0.034269,            0.015044,          0.00081877,            0.006733,            0.006733,            0.006733
                 101,            0.029285,            0.026517,          0.00090312,             0.61352,             0.70407,             0.65717,             0.31729,            0.040031,            0.015416,          0.00037905,              0.0067,              0.0067,              0.0067
                 102,             0.02976,            0.026598,           0.0010336,             0.64128,             0.73037,             0.72802,             0.38987,            0.038191,            0.013432,          0.00035132,            0.006667,            0.006667,            0.006667
                 103,             0.02978,            0.026016,          0.00078498,             0.71144,             0.75443,             0.73371,             0.38384,             0.03807,            0.014374,           0.0004681,            0.006634,            0.006634,            0.006634
                 104,            0.029266,            0.025757,          0.00094915,             0.60371,             0.73533,             0.68438,             0.37311,            0.038697,            0.015403,          0.00045465,            0.006601,            0.006601,            0.006601
                 105,            0.029425,             0.02611,           0.0009499,             0.74258,             0.75501,             0.75027,               0.377,            0.039053,            0.015359,          0.00067878,            0.006568,            0.006568,            0.006568
                 106,            0.028682,            0.026046,          0.00082313,             0.61493,             0.79866,             0.71342,              0.3241,            0.041313,            0.014331,          0.00056388,            0.006535,            0.006535,            0.006535
                 107,             0.02898,            0.026196,           0.0010017,              0.5928,             0.74488,             0.67883,             0.28845,            0.039124,            0.016885,          0.00037058,            0.006502,            0.006502,            0.006502
                 108,            0.028952,            0.026307,          0.00091695,             0.75453,             0.71635,             0.72879,             0.36669,              0.0368,            0.015202,          0.00042187,            0.006469,            0.006469,            0.006469
                 109,            0.028652,            0.027172,          0.00078756,             0.74475,             0.74699,              0.7568,             0.40385,            0.037086,            0.014021,          0.00031332,            0.006436,            0.006436,            0.006436
                 110,            0.029176,            0.026475,          0.00088719,             0.78536,             0.73182,             0.78836,             0.40413,            0.038622,              0.0147,          0.00058255,            0.006403,            0.006403,            0.006403
                 111,            0.029057,            0.025794,          0.00096151,             0.68072,             0.67836,             0.68958,             0.32496,            0.042543,            0.015666,          0.00052505,             0.00637,             0.00637,             0.00637
                 112,            0.028974,             0.02661,           0.0010197,             0.63233,               0.815,             0.72618,             0.42471,            0.035851,             0.01419,          0.00041103,            0.006337,            0.006337,            0.006337
                 113,            0.028548,            0.026082,          0.00089512,             0.59284,             0.76607,             0.66555,              0.3024,            0.036541,            0.015009,          0.00036317,            0.006304,            0.006304,            0.006304
                 114,            0.028543,             0.02585,           0.0011854,             0.72573,             0.77333,              0.8299,              0.4551,            0.037195,            0.013042,          0.00037477,            0.006271,            0.006271,            0.006271
                 115,            0.028617,            0.025883,           0.0010198,             0.78336,             0.68524,             0.72435,             0.38896,            0.038015,            0.014711,          0.00044272,            0.006238,            0.006238,            0.006238
                 116,            0.028647,            0.025563,          0.00099105,               0.637,             0.80439,             0.69203,              0.3263,            0.041467,            0.014352,          0.00046656,            0.006205,            0.006205,            0.006205
                 117,            0.028159,            0.025289,           0.0010088,             0.64288,             0.77533,             0.68913,             0.38162,            0.038073,            0.014641,          0.00052774,            0.006172,            0.006172,            0.006172
                 118,            0.028232,            0.025946,          0.00086205,             0.60714,             0.80962,             0.71687,             0.39555,            0.036229,            0.014585,          0.00059729,            0.006139,            0.006139,            0.006139
                 119,            0.028163,            0.025969,          0.00084033,              0.6695,             0.69223,             0.69983,             0.38328,             0.03761,            0.014977,          0.00043401,            0.006106,            0.006106,            0.006106
                 120,            0.028404,            0.025105,          0.00080805,             0.69697,             0.80494,             0.75608,             0.36066,            0.038212,            0.014392,          0.00041234,            0.006073,            0.006073,            0.006073
                 121,            0.028446,            0.025311,            0.001164,             0.56218,             0.81331,             0.71014,             0.42043,            0.036924,            0.014873,          0.00039352,             0.00604,             0.00604,             0.00604
                 122,            0.027825,            0.025627,          0.00070879,             0.68699,             0.78141,             0.75052,             0.37374,            0.039021,             0.01436,          0.00047842,            0.006007,            0.006007,            0.006007
                 123,            0.028075,            0.025155,          0.00094012,             0.67169,             0.78507,             0.79016,             0.33731,            0.040273,            0.014282,          0.00043581,            0.005974,            0.005974,            0.005974
                 124,            0.028488,             0.02583,          0.00074737,             0.67196,             0.76166,             0.72792,             0.31173,            0.038194,            0.015805,          0.00032042,            0.005941,            0.005941,            0.005941
                 125,            0.028341,            0.025147,           0.0013717,             0.78212,              0.7742,             0.78447,             0.34447,            0.041643,            0.014929,          0.00049462,            0.005908,            0.005908,            0.005908
                 126,            0.028158,            0.024967,           0.0007101,             0.61416,             0.78332,             0.73092,             0.42516,            0.038278,            0.014052,          0.00036729,            0.005875,            0.005875,            0.005875
                 127,            0.027916,            0.024935,           0.0007346,             0.62804,             0.78436,              0.7341,             0.37122,            0.038165,            0.015703,          0.00037703,            0.005842,            0.005842,            0.005842
                 128,            0.027912,            0.025567,          0.00089196,              0.6531,             0.76046,             0.72559,              0.4072,            0.036307,            0.014993,          0.00036393,            0.005809,            0.005809,            0.005809
                 129,            0.028185,            0.025326,          0.00098877,             0.66698,             0.74498,             0.71767,             0.38952,            0.037465,            0.015406,          0.00035832,            0.005776,            0.005776,            0.005776
                 130,            0.027708,            0.025071,          0.00088121,              0.7368,             0.81333,             0.82562,             0.49202,            0.035682,            0.012388,           0.0003426,            0.005743,            0.005743,            0.005743
                 131,            0.028149,            0.024853,          0.00077346,             0.78298,             0.75615,             0.77242,             0.39857,             0.03761,             0.01405,          0.00046887,             0.00571,             0.00571,             0.00571
                 132,            0.027465,            0.024504,          0.00083463,             0.61092,             0.80076,             0.70902,             0.34954,             0.03755,            0.014687,          0.00045943,            0.005677,            0.005677,            0.005677
                 133,            0.028033,            0.024924,          0.00095957,             0.65868,             0.76759,             0.69683,             0.35418,            0.037813,            0.016084,          0.00083372,            0.005644,            0.005644,            0.005644
                 134,            0.027989,             0.02462,           0.0011661,             0.73448,             0.83583,             0.78701,             0.38527,             0.03762,             0.01417,          0.00049883,            0.005611,            0.005611,            0.005611
                 135,            0.027412,            0.024798,           0.0011006,             0.71591,             0.78195,             0.76407,             0.41835,             0.03601,            0.014637,          0.00048311,            0.005578,            0.005578,            0.005578
                 136,            0.027283,            0.024932,           0.0010121,             0.55561,             0.63553,             0.58634,              0.3085,             0.03572,            0.017319,          0.00042601,            0.005545,            0.005545,            0.005545
                 137,            0.027373,            0.024684,          0.00087637,             0.64746,             0.79593,             0.74809,             0.37485,            0.039591,            0.015577,           0.0003753,            0.005512,            0.005512,            0.005512
                 138,            0.027599,            0.025096,           0.0011662,             0.71461,             0.75855,             0.75378,             0.38039,            0.040028,            0.015287,          0.00031293,            0.005479,            0.005479,            0.005479
                 139,            0.027831,            0.024583,          0.00083796,             0.57515,             0.65652,             0.60244,             0.32636,            0.039529,            0.016807,           0.0008885,            0.005446,            0.005446,            0.005446
                 140,            0.026864,            0.024669,          0.00076661,             0.72611,             0.71275,             0.74591,             0.37885,            0.039388,            0.016001,            0.000336,            0.005413,            0.005413,            0.005413
                 141,            0.027063,             0.02382,          0.00094698,             0.65687,             0.79915,              0.7408,             0.35826,            0.039019,            0.015014,          0.00036939,             0.00538,             0.00538,             0.00538
                 142,            0.026424,            0.024339,          0.00082314,             0.64795,             0.84274,             0.74715,             0.41747,            0.038543,            0.013979,          0.00037218,            0.005347,            0.005347,            0.005347
                 143,            0.027251,            0.024122,          0.00082283,             0.78408,             0.82842,             0.79157,             0.40328,            0.038788,            0.013955,          0.00041918,            0.005314,            0.005314,            0.005314
                 144,            0.026834,            0.024469,          0.00071893,             0.65734,             0.77238,             0.74331,             0.38534,            0.039383,            0.014977,          0.00033625,            0.005281,            0.005281,            0.005281
                 145,            0.026525,            0.024345,          0.00086284,             0.60358,             0.79714,             0.68687,             0.32577,            0.039515,            0.014958,          0.00032695,            0.005248,            0.005248,            0.005248
                 146,            0.027145,            0.024206,          0.00083663,             0.62665,             0.84963,             0.73105,             0.38423,            0.037028,            0.014121,          0.00032524,            0.005215,            0.005215,            0.005215
                 147,            0.026658,            0.024171,          0.00066432,              0.7413,               0.749,             0.74398,             0.37807,            0.037045,            0.013481,          0.00029031,            0.005182,            0.005182,            0.005182
                 148,            0.026165,            0.023898,          0.00071345,             0.70822,             0.80213,             0.81164,             0.45502,             0.03915,            0.013479,          0.00035692,            0.005149,            0.005149,            0.005149
                 149,            0.026484,            0.024285,          0.00068033,             0.66698,             0.87596,             0.80525,             0.42074,            0.038957,            0.014197,          0.00048906,            0.005116,            0.005116,            0.005116
                 150,             0.02614,            0.023593,          0.00050165,             0.65694,             0.81849,              0.7775,             0.40892,            0.037035,            0.014274,          0.00049498,            0.005083,            0.005083,            0.005083
                 151,            0.025885,            0.023501,          0.00061823,             0.67896,             0.79141,             0.73575,             0.33715,            0.038454,            0.015684,          0.00041746,             0.00505,             0.00505,             0.00505
                 152,            0.027084,            0.023534,          0.00069662,             0.70258,              0.7868,             0.73387,             0.35553,            0.037862,            0.013459,          0.00038391,            0.005017,            0.005017,            0.005017
                 153,            0.026773,            0.024247,          0.00072677,             0.76133,             0.74253,             0.77053,             0.41714,            0.037512,            0.013791,          0.00034036,            0.004984,            0.004984,            0.004984
                 154,             0.02624,            0.023849,          0.00071336,              0.7599,              0.7658,             0.78406,             0.39194,            0.038302,            0.014723,          0.00031341,            0.004951,            0.004951,            0.004951
                 155,            0.026226,            0.023712,          0.00082915,             0.72841,             0.74782,             0.74327,             0.39981,             0.03943,            0.014796,          0.00025179,            0.004918,            0.004918,            0.004918
                 156,            0.026498,             0.02364,           0.0009753,             0.72833,             0.76575,             0.74386,             0.39543,            0.038261,             0.01449,          0.00029639,            0.004885,            0.004885,            0.004885
                 157,            0.025971,            0.023722,           0.0009612,             0.71421,              0.7391,             0.72511,             0.39177,             0.03934,            0.015007,          0.00031823,            0.004852,            0.004852,            0.004852
                 158,            0.025971,            0.023684,          0.00064583,             0.61651,             0.77018,             0.73224,             0.40027,            0.039687,            0.015623,          0.00027832,            0.004819,            0.004819,            0.004819
                 159,            0.026383,            0.024132,          0.00082992,             0.63029,              0.7584,              0.7153,             0.38768,            0.039642,            0.014803,          0.00029673,            0.004786,            0.004786,            0.004786
                 160,            0.025863,            0.023621,           0.0006626,             0.60914,             0.81071,             0.73177,             0.40765,            0.038681,             0.01417,          0.00034563,            0.004753,            0.004753,            0.004753
                 161,            0.025851,            0.023748,          0.00078165,             0.72974,             0.75993,             0.77302,             0.39931,            0.038942,            0.015098,          0.00033141,             0.00472,             0.00472,             0.00472
                 162,            0.025964,            0.023248,          0.00086905,             0.65822,             0.80147,             0.74181,             0.42261,            0.037426,            0.014911,           0.0003048,            0.004687,            0.004687,            0.004687
                 163,            0.025934,            0.023889,          0.00089521,              0.7346,             0.83818,             0.79228,             0.41167,            0.037298,            0.014287,          0.00025462,            0.004654,            0.004654,            0.004654
                 164,            0.026129,            0.023336,           0.0011176,             0.62856,             0.80861,             0.74057,             0.38878,            0.036035,            0.014872,          0.00030331,            0.004621,            0.004621,            0.004621
                 165,            0.025916,            0.023507,            0.000816,             0.65156,             0.74607,             0.69568,             0.39434,             0.03789,            0.015647,          0.00040856,            0.004588,            0.004588,            0.004588
                 166,            0.026412,            0.023049,          0.00070597,             0.64267,             0.77535,             0.67148,             0.31594,            0.037065,            0.015873,           0.0003328,            0.004555,            0.004555,            0.004555
                 167,            0.025794,            0.023119,          0.00057293,             0.62857,             0.78694,             0.68526,             0.35413,            0.035644,            0.015625,          0.00034955,            0.004522,            0.004522,            0.004522
                 168,            0.025565,            0.023257,          0.00076692,             0.61854,             0.79103,             0.69049,             0.37919,             0.03754,            0.015734,          0.00035837,            0.004489,            0.004489,            0.004489
                 169,            0.025664,            0.023253,          0.00079427,             0.68215,             0.78563,             0.74221,             0.37654,            0.038312,            0.015395,          0.00033932,            0.004456,            0.004456,            0.004456
                 170,            0.025649,            0.023137,          0.00064463,             0.75937,             0.72604,             0.74414,             0.42599,            0.038392,            0.014789,          0.00037889,            0.004423,            0.004423,            0.004423
                 171,            0.025532,             0.02309,          0.00080133,             0.77725,             0.66607,             0.72745,             0.40816,            0.039255,            0.015672,          0.00040435,             0.00439,             0.00439,             0.00439
                 172,            0.025555,            0.023363,          0.00074235,             0.70229,             0.80393,             0.73623,              0.4031,            0.037846,            0.015666,          0.00038881,            0.004357,            0.004357,            0.004357
                 173,            0.025185,            0.023195,          0.00057766,             0.66008,             0.78729,             0.71815,             0.37801,            0.036603,             0.01565,          0.00030925,            0.004324,            0.004324,            0.004324
                 174,            0.025268,            0.022976,          0.00065545,             0.65839,              0.7478,             0.70607,             0.36991,            0.038501,            0.017371,           0.0002886,            0.004291,            0.004291,            0.004291
                 175,             0.02549,            0.023051,           0.0006197,             0.71122,             0.77466,             0.73865,             0.40867,            0.039032,            0.016304,          0.00034536,            0.004258,            0.004258,            0.004258
                 176,            0.024875,            0.022424,          0.00046241,               0.816,             0.71112,             0.76929,             0.42727,            0.037905,            0.015635,          0.00028624,            0.004225,            0.004225,            0.004225
                 177,            0.025617,            0.022759,          0.00073814,             0.76362,             0.76866,             0.77049,             0.43911,             0.03857,            0.015517,          0.00031353,            0.004192,            0.004192,            0.004192
                 178,             0.02521,            0.022625,          0.00045882,             0.65751,             0.82183,             0.76252,             0.38708,            0.037077,            0.014974,          0.00024514,            0.004159,            0.004159,            0.004159
                 179,            0.025095,             0.02287,          0.00055241,             0.70923,             0.83345,             0.76372,             0.39859,            0.036418,            0.015321,           0.0002973,            0.004126,            0.004126,            0.004126
                 180,            0.024915,            0.022823,          0.00068553,             0.74065,             0.79179,             0.74795,             0.38899,            0.037576,            0.016038,          0.00042442,            0.004093,            0.004093,            0.004093
                 181,             0.02548,            0.022827,          0.00077463,              0.8299,             0.76114,             0.80829,             0.43391,            0.036205,            0.015268,          0.00051679,             0.00406,             0.00406,             0.00406
                 182,            0.025126,            0.022654,          0.00054026,             0.72046,             0.75989,             0.72545,             0.40022,            0.035928,            0.016056,          0.00040154,            0.004027,            0.004027,            0.004027
                 183,            0.024996,            0.022605,          0.00060995,              0.7622,             0.78041,             0.76912,             0.42227,            0.036005,            0.015807,           0.0004827,            0.003994,            0.003994,            0.003994
                 184,             0.02475,            0.022477,          0.00066778,             0.69756,             0.87112,             0.77557,             0.41182,            0.037119,            0.016116,          0.00034781,            0.003961,            0.003961,            0.003961
                 185,            0.024974,             0.02246,          0.00062784,             0.73489,             0.73437,             0.75363,             0.42526,            0.038309,            0.015475,          0.00078392,            0.003928,            0.003928,            0.003928
                 186,             0.02479,            0.022374,          0.00067931,             0.74791,             0.78573,             0.76075,             0.42291,            0.039386,            0.015033,          0.00061821,            0.003895,            0.003895,            0.003895
                 187,            0.024568,            0.022136,          0.00067783,             0.77227,             0.78282,             0.80003,             0.43024,            0.039091,            0.014769,          0.00043311,            0.003862,            0.003862,            0.003862
                 188,             0.02421,            0.022761,          0.00058886,             0.71615,             0.85913,             0.80823,              0.4625,            0.038621,            0.014201,          0.00035916,            0.003829,            0.003829,            0.003829
                 189,            0.024423,            0.022489,          0.00056391,             0.69732,             0.80442,             0.75148,             0.38608,            0.038242,            0.014666,          0.00029236,            0.003796,            0.003796,            0.003796
                 190,            0.024893,            0.022277,          0.00063891,             0.65275,             0.78678,             0.72544,             0.37618,            0.039282,            0.015937,          0.00026885,            0.003763,            0.003763,            0.003763
                 191,            0.024834,            0.023182,          0.00073319,              0.8002,             0.75481,             0.79537,             0.42607,            0.038934,            0.015379,          0.00029795,             0.00373,             0.00373,             0.00373
                 192,            0.024285,            0.022116,          0.00068802,             0.75934,             0.83399,             0.77658,             0.40884,            0.038275,            0.015745,          0.00028606,            0.003697,            0.003697,            0.003697
                 193,            0.024518,            0.022774,          0.00071221,              0.7338,             0.81713,              0.8015,             0.43419,            0.038315,            0.016111,          0.00027986,            0.003664,            0.003664,            0.003664
                 194,            0.024458,            0.022074,          0.00046743,             0.73098,              0.8067,             0.78795,             0.40639,             0.03781,            0.014858,          0.00027436,            0.003631,            0.003631,            0.003631
                 195,            0.024271,            0.022456,          0.00049608,             0.76029,             0.73936,             0.76575,             0.42459,            0.038921,            0.015288,          0.00033772,            0.003598,            0.003598,            0.003598
                 196,            0.024256,            0.022723,          0.00064386,             0.78914,             0.81521,             0.77303,             0.39813,            0.038618,            0.015228,          0.00027534,            0.003565,            0.003565,            0.003565
                 197,            0.024385,            0.023007,          0.00053127,             0.75594,             0.80157,             0.75186,             0.39222,             0.03795,            0.015053,          0.00028091,            0.003532,            0.003532,            0.003532
                 198,            0.024151,            0.021743,           0.0006858,             0.68826,             0.78682,             0.72493,             0.40524,             0.03657,            0.015635,           0.0002836,            0.003499,            0.003499,            0.003499
                 199,            0.024359,             0.02216,          0.00070272,             0.73686,             0.79195,             0.78432,             0.40756,            0.036533,            0.015804,          0.00029146,            0.003466,            0.003466,            0.003466
                 200,            0.024016,            0.021883,          0.00061782,             0.71469,              0.7882,             0.74371,             0.37824,            0.037296,             0.01674,          0.00029917,            0.003433,            0.003433,            0.003433
                 201,             0.02376,            0.021852,          0.00059705,               0.798,             0.73335,             0.75835,             0.39043,            0.036871,            0.015832,          0.00026107,              0.0034,              0.0034,              0.0034
                 202,            0.023959,            0.022307,          0.00080188,             0.84045,              0.7635,             0.82596,             0.43534,            0.036894,            0.015132,          0.00030365,            0.003367,            0.003367,            0.003367
                 203,            0.024034,            0.022339,          0.00053806,              0.8309,             0.79323,             0.80318,             0.41477,            0.037605,            0.017114,          0.00035111,            0.003334,            0.003334,            0.003334
                 204,            0.023855,            0.021596,          0.00050319,             0.73928,             0.81227,             0.75731,             0.40012,             0.03969,            0.016798,          0.00034544,            0.003301,            0.003301,            0.003301
                 205,            0.023773,            0.021922,          0.00060481,             0.75524,             0.70558,              0.7455,             0.37632,            0.038103,            0.016871,          0.00035616,            0.003268,            0.003268,            0.003268
                 206,            0.023758,            0.021558,          0.00046142,             0.83015,             0.76376,             0.79145,             0.43208,            0.038106,            0.016895,          0.00031768,            0.003235,            0.003235,            0.003235
                 207,            0.023782,            0.021272,          0.00045432,              0.7182,             0.87017,             0.78214,              0.3949,            0.038357,            0.015968,           0.0002608,            0.003202,            0.003202,            0.003202
                 208,            0.023678,             0.02175,          0.00061689,             0.76983,             0.75679,             0.77897,             0.37101,            0.038706,            0.015624,          0.00026949,            0.003169,            0.003169,            0.003169
                 209,            0.023758,            0.022007,          0.00052648,             0.71841,              0.7623,             0.76402,             0.37834,            0.038999,            0.015987,          0.00027051,            0.003136,            0.003136,            0.003136
                 210,            0.023805,             0.02138,          0.00062224,              0.7071,             0.81369,             0.77049,             0.38351,            0.037853,            0.015106,          0.00025964,            0.003103,            0.003103,            0.003103
                 211,            0.023439,            0.021873,          0.00056586,             0.71396,             0.75597,             0.71206,             0.35395,            0.038403,            0.015681,          0.00028723,             0.00307,             0.00307,             0.00307
                 212,            0.023885,            0.021561,          0.00075364,             0.71289,             0.79563,             0.72921,             0.35463,            0.039146,            0.017008,          0.00035531,            0.003037,            0.003037,            0.003037
                 213,            0.024014,            0.021338,          0.00066444,             0.70701,              0.7588,              0.7515,             0.41602,            0.039148,             0.01687,          0.00040646,            0.003004,            0.003004,            0.003004
                 214,            0.023048,            0.021632,          0.00049228,             0.78526,             0.76745,             0.76241,             0.40858,            0.039981,             0.01698,          0.00037408,            0.002971,            0.002971,            0.002971
                 215,            0.023389,            0.021836,          0.00070191,             0.64939,             0.80249,             0.70909,             0.36988,            0.038635,            0.016501,          0.00033467,            0.002938,            0.002938,            0.002938
                 216,            0.023254,            0.021176,          0.00051011,             0.69612,               0.815,              0.7406,             0.40831,            0.038736,            0.016141,          0.00036569,            0.002905,            0.002905,            0.002905
                 217,            0.023404,            0.021194,          0.00071278,             0.69304,             0.71573,             0.75123,             0.41394,             0.03908,            0.016042,          0.00044383,            0.002872,            0.002872,            0.002872
                 218,            0.023291,            0.021422,          0.00054116,             0.74224,             0.73427,             0.74066,             0.42743,            0.039767,            0.017596,          0.00058979,            0.002839,            0.002839,            0.002839
                 219,            0.023137,             0.02092,          0.00049552,             0.73338,             0.67232,             0.70629,             0.37443,            0.038177,            0.017592,          0.00058914,            0.002806,            0.002806,            0.002806
                 220,            0.022714,            0.020918,          0.00063675,             0.81435,             0.68612,             0.73024,             0.39488,            0.038941,            0.016928,          0.00052726,            0.002773,            0.002773,            0.002773
                 221,            0.022992,             0.02092,          0.00055301,             0.81933,             0.67813,             0.74595,             0.40078,            0.040525,             0.01675,          0.00047922,             0.00274,             0.00274,             0.00274
                 222,            0.022503,            0.020517,          0.00062166,             0.82037,             0.70497,             0.76372,             0.40141,            0.039832,            0.016185,          0.00037261,            0.002707,            0.002707,            0.002707
                 223,            0.022981,             0.02132,          0.00050041,             0.80243,             0.71425,             0.74708,             0.41072,            0.037963,            0.016494,          0.00029702,            0.002674,            0.002674,            0.002674
                 224,            0.023228,            0.020774,          0.00053403,             0.73814,             0.75564,             0.73303,             0.37486,            0.037113,            0.016534,          0.00029421,            0.002641,            0.002641,            0.002641
                 225,            0.023241,            0.020956,          0.00062934,             0.64037,              0.8342,             0.72695,             0.36119,            0.037982,            0.016651,          0.00031609,            0.002608,            0.002608,            0.002608
                 226,            0.022652,            0.020968,          0.00053462,             0.61801,             0.81451,             0.74302,             0.39407,            0.039208,             0.01692,          0.00039245,            0.002575,            0.002575,            0.002575
                 227,            0.022983,            0.021259,          0.00049895,             0.65817,             0.83747,               0.752,             0.40683,            0.038495,            0.017403,          0.00039467,            0.002542,            0.002542,            0.002542
                 228,            0.022979,            0.020876,          0.00042529,             0.68497,             0.73499,             0.70699,             0.36799,             0.03809,            0.017443,          0.00044233,            0.002509,            0.002509,            0.002509
                 229,            0.022467,            0.020691,          0.00052049,             0.80023,             0.75294,             0.76786,             0.37945,            0.039706,            0.016987,          0.00032992,            0.002476,            0.002476,            0.002476
                 230,            0.022468,            0.020746,           0.0004664,             0.68349,             0.80684,             0.74221,             0.38721,            0.038221,            0.016705,          0.00026324,            0.002443,            0.002443,            0.002443
